Test1,Test2
0.121440613,0.127360212
0.207865848,0.21443133
0.393492168,0.457230507
0.868929886,0.908245187
0.869093575,0.906321198
0.966318943,0.941777902
0.184050742,0.268567418
0.279996647,0.331780577
0.27653363,0.315828525
0.652827018,0.677668224
0.582421396,0.622810135
0.114388846,0.160513998
0.86746405,0.905884579
0.85067877,0.897127711
0.565288544,0.602789888
0.851922163,0.907623804
0.257554493,0.347367037
0.143961612,0.216857274
0.029960238,0.062919373
0.243765278,0.261462991
0.045862751,0.083444733
0.357214688,0.403337435
0.510924371,0.552190467
0.801332538,0.815693492
0.088393903,0.115866102
0.598700031,0.668879877
0.304085538,0.340088021
0.570648979,0.617453449
0.458906274,0.519376154
0.618766095,0.699217631
0.402959277,0.495029984
0.471524441,0.487058704
0.688735609,0.712349303
0.869233024,0.966452472
0.169526396,0.26550906
0.80171796,0.892456227
0.535641257,0.587060168
0.764823945,0.7939882
0.378501255,0.393716232
0.457892423,0.502083979
